CipherTech007;P@ssw0rd1;shobaqim-j6c@rambler.ru;Gv3yBwB+)W^6;http://vwwicapv:z9rsxacmive8@192.198.126.179:7222
QuantumExplorer42;Reddit2023;whev_ciz9xib@rambler.ru;)QofQb586%y3;http://vwwicapv:z9rsxacmive8@107.175.119.111:6639
ChronoGamer56;Secur1ty!;t-ozuba6ecid@rambler.ru;8Dx5%h%dQ-h+;http://vwwicapv:z9rsxacmive8@104.233.12.170:6721
SynapticNerd23;4Ever&Safe;p5evoge_enet@rambler.ru;2A-1U7&o_KNL;http://vwwicapv:z9rsxacmive8@64.137.65.168:6847
MetaphysicalScribe99;Passw0rd!;sh_lahalec5p@rambler.ru;^Mv^0bOse6!0;http://vwwicapv:z9rsxacmive8@107.181.143.244:6375
AlgorithmArchitect87;Redd1tP@ss;thu-ijamena9@rambler.ru;+3E%)34oiCFb;http://vwwicapv:z9rsxacmive8@104.239.80.171:5749
RetroRevolutionist56;Pr0t3ctMe!;preya9ayon_m@rambler.ru;9B35-f*NdCV&;http://vwwicapv:z9rsxacmive8@103.75.228.238:6317
AstralPioneer123;Safe&Sound;plil_mam2pey@rambler.ru;N-Ma6h4LMhsd;http://vwwicapv:z9rsxacmive8@45.43.84.43:6668
ExoBrewMaster35;10Symbo!s;c.imom7dupup@rambler.ru;h^XuJQuU7l(n;http://vwwicapv:z9rsxacmive8@45.43.84.144:6769
EsotericHistorian78;P@ssw0rd2;shok3.udobet@rambler.ru;x-U-2YqJkd@j;http://vwwicapv:z9rsxacmive8@37.35.43.229:9087
NeuralAlchemist56;Cyber$afe;3li_imejajar@rambler.ru;gDi!)1g7$--i;http://vwwicapv:z9rsxacmive8@192.186.172.244:9244
CyberSherpa42;R3dditP@ss;s_e4ufexaqey@rambler.ru;uCpDQyur@$k4;http://vwwicapv:z9rsxacmive8@45.43.65.52:6566
AnomalyCollector88;StrongP@ss;s_ovopogucey@rambler.ru;$Fcy0&XtVW7Z;http://vwwicapv:z9rsxacmive8@45.131.103.248:6234
BiohackingSavant25;LockD0wn!;pl-yixunixar@rambler.ru;M7^AmPO!2&yw;http://vwwicapv:z9rsxacmive8@45.192.148.63:6397
VirtualBard99;Safe&Str0ng;4lo.atetudoc@rambler.ru;3OT*zOPk_E82;http://vwwicapv:z9rsxacmive8@154.92.121.189:5208
ZenAnimeSorcerer64;T3stP@ss!;chebac2n.vob@rambler.ru;)wg$9IkObzBv;http://vwwicapv:z9rsxacmive8@45.131.102.17:5669
CyberWarrior188;RedditL0ck;3hoxosoxav_d@rambler.ru;ClQ58rD)A)0w;http://vwwicapv:z9rsxacmive8@173.214.177.46:5737
SartorialAesthete47;10Secure!;ple.aniquq4k@rambler.ru;_o8a3u%--m3J;http://vwwicapv:z9rsxacmive8@64.137.71.19:5837
GalacticMythologist77;P@ssw0rd3;s3eguhes-som@rambler.ru;c!*s7^^BD0FS;http://vwwicapv:z9rsxacmive8@154.194.8.212:5743
JavaSage21;G0tY0uN0w;whom.weyuwu8@rambler.ru;b1@G%6rN8NKF;http://vwwicapv:z9rsxacmive8@154.30.252.251:5382
PhilosophicalBeard33;H@ckM3N0t;ch3wupazef_r@rambler.ru;9DlPZkoy)1sD;http://vwwicapv:z9rsxacmive8@104.239.10.33:5704
NeoRenaissanceMan56;Passw0rd#;shefo.e8afiz@rambler.ru;vX9_T5xcZ_JX;http://vwwicapv:z9rsxacmive8@107.179.114.175:5948
WildernessCartographer44;R3dd1tT3st;shi3ic.zawah@rambler.ru;B^)9Fo*fZKb@;http://vwwicapv:z9rsxacmive8@45.43.167.195:6377
EtherealCanine101;K33pOut!1;chu_ovixa1ac@rambler.ru;@T2^n)M1!JCk;http://vwwicapv:z9rsxacmive8@161.123.208.18:6262
FelidaeWhisperer87;P@ssw0rd4;6hogapet-yey@rambler.ru;r_9PF6ETELfu;http://vwwicapv:z9rsxacmive8@194.116.250.26:6484
VirtuosoGuitarist56;IronCurt@in;thaje.omav1l@rambler.ru;cbHI8WGXiwg+;http://vwwicapv:z9rsxacmive8@216.173.103.6:6520
FootballStrategist23;Pr0t3ct1on!;stov8kow_goj@rambler.ru;_ErDg0B0Lhb0;http://vwwicapv:z9rsxacmive8@104.239.17.81:6147
CryptoEconomist42;4llS3cur3;ch_fufole9eh@rambler.ru;MKMfj3+*%XdS;http://vwwicapv:z9rsxacmive8@185.245.25.64:6325
WhiskeredDandy99;StrongP@ss1;6lemecuse-ev@rambler.ru;R!A7I*eB70Rp;http://vwwicapv:z9rsxacmive8@185.245.25.123:6384
QuantumFitness78;P@ssw0rd5;pr.patodozo8@rambler.ru;E1Amwa^Q@x*V;http://vwwicapv:z9rsxacmive8@104.239.35.229:5911
ByzantineScribe88;Saf3AndS0und;ch2dekuqi-un@rambler.ru;dX5%nxPPlj(h;http://vwwicapv:z9rsxacmive8@104.238.8.83:5941
TurboCarEnthusiast56;L0ckItD0wn!;plojatecus-7@rambler.ru;D+0$Um(2h-DD;http://vwwicapv:z9rsxacmive8@104.232.211.62:5675
MechanoArtisan78;10Symbo!2;stef_0ayucar@rambler.ru;W7FFAz$GCz7(;http://vwwicapv:z9rsxacmive8@206.41.172.5:6565
HexPokerSorcerer99;T3stP@ss2;prex.mo6ozig@rambler.ru;MgnXL7X6-H)5;http://vwwicapv:z9rsxacmive8@194.116.249.29:5880
MangaAuteur56;Pr0t3ctM3N0w;6huj-rufikoq@rambler.ru;hmz6z6DTa)64;http://vwwicapv:z9rsxacmive8@45.131.94.30:6017
GolfMystic47;H3avyGuard!;shog0z.kisuq@rambler.ru;)aZq@gs4mZG*;http://vwwicapv:z9rsxacmive8@64.137.106.137:6630
SartorialSamurai64;P@ssw0rd7;proyozoqi.es@rambler.ru;%X$NLoE6aAEC;http://vwwicapv:z9rsxacmive8@185.242.92.239:8323
CosmoExplorer25;F0rtressSec;6tuzucaya.ap@rambler.ru;7GmIv)9J5Oz-;http://vwwicapv:z9rsxacmive8@154.92.123.138:5476
ChaoticBarista18;K33pItS@fe;shafey6ko.aq@rambler.ru;FyvdJZK4g9$j;http://vwwicapv:z9rsxacmive8@104.239.80.145:5723
BeardedSymbologist77;P@ssw0rd8;shimaxotiv-v@rambler.ru;Lf9pM%hv*h8W;http://vwwicapv:z9rsxacmive8@23.236.216.205:6235
RenaissanceDraughtsman21;Sh13ldW@ll;whuc_puzeqi3@rambler.ru;)wXb_11v!7sd;http://vwwicapv:z9rsxacmive8@150.107.225.126:6391
EquilibriumSurfer33;L0ckTh3D00r!;s_unove8azuq@rambler.ru;$DXf^aU3pPkX;http://vwwicapv:z9rsxacmive8@194.116.250.134:6592
FelineMaestro56;R3dditS@f3;w0aditu-uhah@rambler.ru;pwvEYaH8ml_y;http://vwwicapv:z9rsxacmive8@161.123.209.205:6705
CanineCompanion87;Cyb3rF0rt!;pl9de-equcok@rambler.ru;^ZLIs^nv1Uiz;http://vwwicapv:z9rsxacmive8@104.233.26.74:5912
JazzBassVirtuoso56;T3stP@ss3;shiy-mura5eb@rambler.ru;4(DkC%&$^Q35;http://vwwicapv:z9rsxacmive8@198.105.108.162:6184
FreeridePro23;Pr0t3ctM3N0w!;preq.muc4biw@rambler.ru;wRvH3^ZhU$Pb;http://vwwicapv:z9rsxacmive8@216.173.122.213:5940
VinousEnthusiast88;P@ssw0rd9;steruvotoh.v@rambler.ru;O1)duMNj_Pk@;http://vwwicapv:z9rsxacmive8@45.141.80.92:5818
SteampunkArtificer56;IronF0rtress;pro.5seworeb@rambler.ru;P)42e6b_!o8L;http://vwwicapv:z9rsxacmive8@161.123.115.25:5046
SciFiSavant47;S@f3AndS3cur3;st0teniwu_ip@rambler.ru;JOxcfKg$4Wwq;http://vwwicapv:z9rsxacmive8@104.249.29.11:5704
CalisthenicMonk007;L0ckItDown!;preh0kolid-f@rambler.ru;ethHF!7Us0eH;http://vwwicapv:z9rsxacmive8@134.73.69.218:6208
